customer_id,age,monthly_income,employment_status,purchase_amount,installments,previous_bnpl_loans,avg_overdue_days,missed_payments,default
1,56,151108,Salaried,122356,9,6,17,0,0
2,46,39382,Self-Employed,44727,9,6,31,0,1
3,32,109291,Salaried,80471,3,3,2,1,0
4,25,126195,Salaried,10068,6,6,1,2,0
5,38,159828,Self-Employed,118923,6,4,32,0,0
6,56,45609,Salaried,140367,12,1,18,4,1
7,36,172550,Self-Employed,13390,6,6,16,2,0
8,40,195738,Salaried,108752,6,0,32,5,1
9,28,100683,Unemployed,96754,6,6,11,2,0
10,28,149714,Salaried,77969,6,2,2,4,0
11,41,155330,Self-Employed,148110,6,2,25,3,1
12,53,96315,Self-Employed,79064,6,2,34,4,1
13,57,102834,Salaried,23281,6,6,7,4,0
14,41,151205,Self-Employed,56189,12,4,35,3,0
15,20,39153,Unemployed,50511,6,1,6,3,0
16,39,101325,Self-Employed,124115,12,5,35,3,1
17,19,169071,Self-Employed,10605,6,5,15,3,0
18,41,80318,Self-Employed,102318,12,5,23,3,1
19,47,156886,Salaried,134453,9,4,0,4,0
20,55,140033,Salaried,21810,6,3,24,1,0
21,19,101077,Self-Employed,43869,12,7,9,1,0
22,38,115474,Salaried,34955,3,0,15,0,0
23,50,158515,Self-Employed,63388,12,0,15,1,0
24,29,98319,Unemployed,12207,6,2,7,5,0
25,39,150885,Salaried,24031,3,2,28,1,1
26,42,134777,Salaried,82807,6,6,38,4,1
27,44,42368,Self-Employed,73312,12,5,27,3,1
28,59,171400,Salaried,61766,3,6,5,3,0
29,45,116751,Self-Employed,145521,6,7,15,4,1
30,33,52306,Salaried,91833,9,5,19,5,1
31,32,195987,Self-Employed,113041,9,2,15,1,0
32,20,62219,Salaried,118185,6,1,6,4,1
33,54,85279,Self-Employed,12350,3,3,13,0,0
34,24,78028,Salaried,102859,3,6,25,3,1
35,38,129263,Self-Employed,70487,6,3,25,2,0
36,26,25126,Salaried,125853,6,3,13,0,1
37,56,77329,Self-Employed,55117,12,3,6,5,0
38,35,52632,Self-Employed,103084,3,2,32,0,1
39,21,134945,Salaried,25782,9,0,25,4,0
40,42,80176,Salaried,30454,3,2,19,1,0
41,31,159869,Salaried,69904,3,3,2,3,0
42,26,169790,Self-Employed,131936,6,2,3,5,0
43,43,59560,Self-Employed,148664,6,3,25,5,1
44,19,101589,Salaried,124258,9,4,10,2,0
45,37,47116,Salaried,113668,12,5,1,0,1
46,45,192316,Salaried,126184,6,0,13,2,0
47,24,157717,Self-Employed,18566,12,4,29,1,0
48,25,149085,Salaried,140262,12,1,11,1,1
49,52,142718,Unemployed,40333,6,2,25,2,0
50,31,44256,Salaried,123929,9,1,32,3,1
51,34,125158,Self-Employed,91571,6,6,12,1,0
52,53,193502,Salaried,122263,3,2,13,2,1
53,57,195354,Salaried,134661,9,7,23,0,0
54,21,144719,Self-Employed,27235,3,7,33,2,0
55,19,93244,Self-Employed,2159,6,5,25,2,0
56,23,167766,Unemployed,145217,9,4,20,4,0
57,59,81264,Salaried,106859,3,5,27,1,1
58,21,82545,Salaried,149309,3,6,35,3,1
59,46,64224,Self-Employed,109507,12,3,39,3,1
60,35,122945,Self-Employed,141316,6,5,1,4,1
61,43,38224,Salaried,16743,3,5,8,5,0
62,51,65738,Salaried,48101,9,7,22,3,1
63,27,181222,Salaried,123534,6,3,14,2,1
64,53,88731,Self-Employed,86227,6,7,12,4,0
65,31,164649,Salaried,73126,12,2,22,0,0
66,48,33070,Salaried,58071,9,3,16,1,1
67,32,151161,Salaried,76763,6,4,1,1,0
68,25,33666,Salaried,145309,9,5,19,1,1
69,31,82761,Salaried,148721,12,7,19,2,1
70,40,61368,Salaried,48154,3,3,2,0,0
71,57,162855,Salaried,9016,3,6,11,4,0
72,38,66914,Self-Employed,91678,3,6,39,4,1
73,33,152738,Salaried,114056,9,5,1,1,0
74,35,92526,Salaried,56238,6,4,35,0,1
75,41,44956,Self-Employed,60608,6,1,13,0,0
76,43,71240,Self-Employed,91081,12,7,15,0,1
77,42,146008,Salaried,52961,9,4,18,3,0
78,58,193220,Salaried,28917,3,0,33,3,0
79,46,119270,Salaried,29990,6,0,5,1,0
80,32,29757,Self-Employed,64551,6,0,12,0,1
81,18,44097,Unemployed,82811,6,5,35,5,1
82,42,166467,Self-Employed,57103,9,6,21,0,0
83,24,172313,Self-Employed,108122,12,2,17,4,0
84,26,128892,Self-Employed,21008,6,7,11,4,0
85,41,183768,Salaried,34402,6,6,29,1,0
86,18,95480,Salaried,138865,9,2,39,5,1
87,25,71163,Self-Employed,138643,6,2,6,0,0
88,41,44816,Unemployed,149281,3,6,31,5,1
89,28,77853,Salaried,115550,6,7,18,1,1
90,34,180989,Self-Employed,93218,3,5,5,4,0
91,25,121731,Salaried,135296,12,4,19,4,1
92,52,177638,Salaried,122779,3,2,26,3,1
93,52,87823,Salaried,131714,6,1,36,1,1
94,50,176878,Salaried,34441,6,6,6,1,0
95,22,26759,Self-Employed,64368,12,6,4,0,1
96,59,198021,Salaried,94122,3,0,10,0,0
97,56,117374,Self-Employed,46760,3,4,14,3,0
98,58,158554,Self-Employed,25478,3,0,2,2,0
99,45,49442,Unemployed,129881,3,6,4,5,1
100,24,189791,Salaried,73854,3,6,22,2,0
101,26,118501,Salaried,96230,6,2,36,2,1
102,25,27079,Salaried,87716,3,4,8,1,1
103,29,158789,Unemployed,145252,3,3,14,5,1
104,51,84676,Unemployed,100538,9,1,2,1,1
105,50,184024,Salaried,17372,6,7,28,5,0
106,40,198532,Self-Employed,31796,6,2,5,4,0
107,41,115397,Salaried,100826,6,6,16,1,1
108,54,97847,Self-Employed,122592,12,7,25,1,1
109,52,118607,Salaried,95635,3,2,20,1,1
110,57,174521,Self-Employed,113022,12,1,7,3,0
111,39,189608,Salaried,56040,9,6,20,1,0
112,44,89077,Self-Employed,77357,3,1,10,0,0
113,52,63258,Self-Employed,80356,12,7,37,0,1
114,18,184937,Self-Employed,18211,3,3,7,5,0
115,52,162717,Salaried,107426,3,2,23,4,1
116,54,144771,Salaried,7842,9,5,34,3,1
117,31,63000,Salaried,68852,9,2,13,5,1
118,20,51737,Salaried,127737,6,0,13,0,1
119,18,36485,Salaried,47968,3,4,9,3,1
120,22,63565,Unemployed,19508,6,4,11,3,0
121,43,181594,Self-Employed,56575,9,0,37,4,0
122,31,144614,Salaried,68914,6,6,33,3,1
123,56,90155,Salaried,69055,6,4,9,1,0
124,44,77487,Salaried,89697,3,1,16,3,1
125,26,154948,Self-Employed,108239,3,7,16,4,1
126,32,37342,Salaried,125106,12,7,2,5,1
127,32,65806,Unemployed,7355,6,4,30,4,0
128,43,73770,Salaried,56120,12,4,0,4,0
129,59,103623,Unemployed,40342,6,0,11,0,0
130,30,128177,Self-Employed,4257,9,6,38,1,0
131,49,156026,Salaried,29364,3,3,3,0,0
132,56,100629,Unemployed,113715,6,4,12,5,1
133,49,145993,Salaried,28654,3,5,33,2,0
134,21,151944,Self-Employed,83423,6,4,20,5,0
135,47,130947,Salaried,31320,6,3,21,1,0
136,54,51399,Self-Employed,22808,12,0,3,3,0
137,40,153177,Self-Employed,54389,9,3,17,4,0
138,56,134575,Self-Employed,120581,3,0,4,2,0
139,32,135904,Self-Employed,129927,3,1,18,1,0
140,46,55678,Salaried,36773,3,0,1,0,0
141,53,101218,Salaried,78396,6,1,11,4,0
142,30,88230,Salaried,109692,9,1,16,5,1
143,49,99055,Salaried,59505,12,0,9,0,0
144,24,187552,Self-Employed,87896,3,5,33,1,0
145,39,97258,Salaried,20135,6,2,5,1,0
146,45,64986,Unemployed,92887,6,0,7,5,1
147,19,180232,Self-Employed,124118,9,4,10,2,0
148,59,110595,Self-Employed,49377,6,5,11,5,0
149,23,126358,Salaried,64491,9,5,8,3,0
150,45,89929,Self-Employed,60283,9,4,1,0,0
151,45,98506,Unemployed,18923,3,2,7,2,0
152,37,59911,Salaried,49591,9,5,10,4,1
153,47,112127,Self-Employed,64261,3,1,35,3,0
154,28,187893,Self-Employed,56336,9,7,9,2,0
155,45,138453,Salaried,76083,6,2,20,0,0
156,42,109458,Salaried,62948,6,6,19,1,1
157,56,37175,Salaried,28672,12,4,7,4,0
158,50,144235,Salaried,6213,12,2,35,5,0
159,18,79771,Salaried,143365,9,0,28,0,1
160,44,152157,Salaried,64507,6,7,11,3,0
161,30,146300,Salaried,59134,9,2,13,3,0
162,58,111925,Salaried,135172,6,1,20,1,1
163,20,91358,Unemployed,30172,12,7,21,1,0
164,56,173399,Salaried,22132,6,0,20,4,0
165,23,72057,Unemployed,20199,12,3,29,5,0
166,25,31150,Salaried,38609,12,4,38,4,1
167,44,29425,Salaried,141088,9,7,19,1,1
168,26,41032,Salaried,33881,3,4,23,1,0
169,54,27198,Salaried,26472,3,2,22,3,1
170,50,176151,Salaried,56131,12,5,6,1,0
171,59,192292,Self-Employed,14828,3,0,8,2,0
172,41,197946,Salaried,98664,12,3,0,0,0
173,32,169931,Self-Employed,134473,6,0,25,1,1
174,49,187491,Self-Employed,17193,6,4,37,4,1
175,49,143865,Salaried,104518,12,0,37,5,1
176,41,164777,Salaried,21611,6,3,21,5,1
177,58,198952,Self-Employed,145022,6,5,9,5,1
178,29,48236,Salaried,78240,6,2,5,2,0
179,56,112955,Salaried,4745,6,1,16,4,0
180,19,128145,Unemployed,57243,9,0,37,2,0
181,20,171430,Salaried,5866,3,7,23,1,0
182,54,119914,Self-Employed,130681,12,1,9,0,0
183,34,127870,Unemployed,73354,12,4,7,5,1
184,19,141243,Salaried,53374,6,2,20,4,0
185,19,39596,Salaried,116397,9,6,5,5,1
186,45,189644,Salaried,126577,6,2,20,2,0
187,40,157351,Salaried,83029,6,0,38,3,1
188,54,136496,Salaried,95574,12,7,23,1,0
189,49,155273,Self-Employed,32431,3,5,32,0,0
190,50,163155,Salaried,31336,3,2,17,1,0
191,18,145674,Salaried,42992,6,0,27,3,1
192,36,145307,Unemployed,57350,6,0,31,0,0
193,19,173843,Self-Employed,71561,6,1,11,3,0
194,43,186047,Self-Employed,53955,9,2,26,1,0
195,49,44063,Salaried,63240,6,0,9,2,1
196,23,92642,Self-Employed,139227,6,1,31,1,1
197,49,115093,Salaried,48607,3,7,25,1,0
198,21,193671,Salaried,54870,6,3,24,1,0
199,28,184601,Salaried,66110,3,7,10,4,0
200,34,60954,Self-Employed,118895,3,6,22,3,1
201,55,52856,Salaried,6426,6,1,33,3,0
202,41,27573,Salaried,29606,3,1,39,5,1
203,22,60367,Salaried,30151,3,0,22,3,0
204,51,124608,Salaried,13308,3,4,28,5,1
205,23,85774,Self-Employed,92306,12,4,30,4,1
206,39,48752,Self-Employed,108984,12,5,6,2,1
207,28,80029,Self-Employed,4204,6,4,39,5,1
208,33,173757,Salaried,94769,12,1,32,1,1
209,50,155282,Salaried,89265,9,5,20,2,1
210,26,76693,Salaried,33131,6,7,1,4,0
211,23,141739,Salaried,54428,3,0,17,3,0
212,33,80961,Salaried,35870,9,7,32,5,1
213,46,151678,Self-Employed,105547,9,2,36,1,1
214,20,99532,Salaried,51067,6,6,33,0,0
215,37,106994,Salaried,114217,9,6,19,0,1
216,53,81133,Salaried,100934,6,1,34,2,1
217,36,86268,Salaried,144980,9,1,17,3,1
218,43,194315,Salaried,76707,12,5,23,0,0
219,20,56653,Unemployed,63215,6,0,7,2,0
220,36,182729,Self-Employed,51429,9,3,29,4,0
221,37,196024,Unemployed,84152,6,1,9,2,0
222,49,178252,Salaried,110048,9,3,22,2,0
223,24,146829,Salaried,140731,9,7,10,2,1
224,58,153377,Salaried,79240,3,3,1,1,0
225,50,26622,Salaried,115688,6,4,25,2,1
226,57,73756,Self-Employed,48473,3,0,35,5,0
227,56,65809,Salaried,98762,9,6,32,2,1
228,35,41725,Salaried,108956,6,6,12,1,1
229,57,76226,Salaried,120452,9,3,39,1,1
230,18,106182,Salaried,128311,3,6,24,4,1
231,28,54402,Self-Employed,9006,6,7,3,3,0
232,45,29263,Salaried,76218,3,0,18,0,1
233,42,72924,Salaried,34430,12,4,17,0,0
234,40,99182,Salaried,25091,12,0,36,2,0
235,48,167736,Salaried,25989,12,1,29,4,0
236,47,60737,Self-Employed,77451,9,3,18,2,1
237,59,126332,Self-Employed,20990,9,0,22,0,0
238,52,114563,Unemployed,92270,3,7,15,1,1
239,24,185445,Self-Employed,82360,6,6,0,3,0
240,33,192469,Salaried,38081,6,2,11,4,0
241,43,153575,Self-Employed,144105,9,0,23,1,0
242,19,126371,Salaried,110272,12,3,33,3,1
243,18,63709,Salaried,18241,3,4,7,4,0
244,29,175322,Self-Employed,126932,12,6,17,4,1
245,22,46172,Salaried,7939,9,4,4,0,0
246,54,36555,Unemployed,115000,6,3,25,1,1
247,49,78276,Salaried,37063,3,6,29,4,0
248,26,82492,Self-Employed,49118,3,1,12,5,0
249,58,114599,Self-Employed,86703,6,6,18,4,0
250,52,180834,Self-Employed,130557,9,1,28,3,1
251,36,36046,Self-Employed,29076,3,4,2,0,0
252,33,141021,Self-Employed,46605,6,4,25,2,0
253,20,184841,Salaried,86565,12,3,39,0,1
254,37,179222,Salaried,41121,9,1,11,2,0
255,41,29853,Salaried,33433,12,4,1,1,0
256,50,145900,Self-Employed,45309,6,1,10,1,0
257,41,177864,Salaried,69468,6,4,27,4,1
258,28,84129,Self-Employed,69293,9,6,17,5,1
259,25,139130,Salaried,98258,6,0,12,1,0
260,53,188059,Salaried,40405,3,7,36,4,1
261,55,171922,Self-Employed,45527,3,2,21,0,0
262,57,168184,Salaried,79227,6,7,11,1,0
263,37,146789,Salaried,133564,3,6,1,0,0
264,52,180130,Salaried,141883,6,5,36,0,1
265,42,63890,Unemployed,95344,3,7,6,5,1
266,52,91017,Self-Employed,49153,3,0,25,1,1
267,42,188993,Salaried,110042,6,5,25,0,0
268,46,157596,Salaried,56110,6,4,23,5,1
269,35,125424,Salaried,147051,9,2,11,5,1
270,35,40048,Self-Employed,30328,3,2,15,1,0
271,19,191183,Self-Employed,114911,3,4,22,5,1
272,52,193976,Salaried,14867,6,4,39,1,0
273,33,79912,Salaried,61234,6,1,8,1,0
274,58,59008,Salaried,27851,6,4,31,2,0
275,53,156132,Self-Employed,33279,6,3,14,0,0
276,50,108559,Self-Employed,75402,12,7,36,3,1
277,21,80337,Salaried,17449,6,4,12,1,0
278,50,135616,Salaried,78221,6,3,4,0,0
279,31,38350,Salaried,91080,9,4,10,5,1
280,38,49354,Unemployed,7451,6,1,9,4,0
281,37,70186,Salaried,89178,6,3,12,1,1
282,25,53145,Self-Employed,65761,6,7,14,5,1
283,24,190092,Self-Employed,40870,9,0,6,5,0
284,20,111123,Salaried,98566,3,3,39,5,1
285,34,45581,Salaried,125749,3,6,27,5,1
286,50,113929,Salaried,125765,6,1,31,5,1
287,29,48051,Self-Employed,126881,9,5,34,1,1
288,39,76474,Self-Employed,130389,3,7,14,3,1
289,39,116748,Self-Employed,27372,12,3,35,2,0
290,47,150995,Salaried,5642,6,6,20,5,0
291,55,94626,Salaried,36064,12,6,5,5,1
292,55,31960,Unemployed,16122,12,7,0,2,0
293,25,191844,Self-Employed,70431,6,7,3,1,0
294,44,177592,Salaried,57745,3,6,10,0,0
295,44,61408,Unemployed,52081,3,4,25,4,1
296,51,119006,Self-Employed,141783,3,6,36,4,1
297,38,82134,Self-Employed,141271,9,4,22,0,1
298,47,176563,Self-Employed,78253,3,5,28,1,1
299,50,157413,Self-Employed,38191,6,1,20,4,0
300,45,115327,Self-Employed,12211,6,2,26,2,0
301,50,156410,Salaried,113086,12,4,38,0,1
302,22,168326,Salaried,103971,3,6,39,3,1
303,36,36344,Unemployed,95783,3,6,12,1,1
304,21,157822,Salaried,127681,3,0,22,0,0
305,52,92957,Salaried,89893,12,6,15,4,1
306,34,130423,Salaried,79960,6,1,29,1,0
307,45,83053,Salaried,86388,3,3,3,2,1
308,47,171968,Self-Employed,24601,3,3,39,1,0
309,46,102454,Unemployed,141227,3,6,15,1,1
310,23,115600,Salaried,21710,3,0,30,2,0
311,52,147732,Salaried,110714,12,4,24,5,1
312,58,184007,Salaried,130727,9,1,11,2,0
313,54,62641,Self-Employed,65227,6,0,25,1,1
314,41,54711,Self-Employed,138039,12,4,36,2,1
315,46,95342,Salaried,86289,3,1,32,5,1
316,48,131896,Self-Employed,7722,9,6,27,0,0
317,52,168254,Self-Employed,83050,12,3,8,2,0
318,50,112833,Self-Employed,85596,6,1,11,2,0
319,38,81276,Unemployed,68732,9,6,4,1,1
320,49,44541,Salaried,145369,3,5,27,0,1
321,40,119457,Self-Employed,70323,3,2,34,3,1
322,50,69813,Salaried,25816,3,1,4,3,0
323,20,193270,Self-Employed,42695,6,2,33,4,0
324,35,164892,Self-Employed,57841,9,1,33,2,0
325,42,49070,Self-Employed,130498,12,2,12,2,1
326,59,167194,Self-Employed,109096,6,5,38,0,1
327,48,105559,Salaried,94764,12,3,13,5,1
328,20,66786,Salaried,87744,9,7,10,3,1
329,57,162809,Unemployed,30482,3,4,37,4,1
330,41,61062,Unemployed,11171,6,2,3,0,0
331,49,76571,Salaried,102755,3,5,32,2,1
332,39,50510,Salaried,110125,9,2,6,3,1
333,40,44426,Salaried,132722,12,3,7,4,1
334,19,62265,Self-Employed,108082,3,2,36,1,1
335,44,173922,Self-Employed,5696,9,5,9,3,0
336,59,91150,Salaried,128310,6,6,14,4,1
337,19,112312,Salaried,21149,6,5,37,0,0
338,43,114613,Self-Employed,132064,6,7,14,1,1
339,34,99910,Self-Employed,55521,6,7,4,4,0
340,57,77375,Salaried,47740,3,7,28,4,0
341,50,146826,Self-Employed,108611,3,0,18,2,0
342,26,60435,Salaried,138028,3,3,9,5,1
343,56,121443,Salaried,68641,6,6,11,3,0
344,46,159055,Self-Employed,65811,3,0,3,2,0
345,59,176734,Self-Employed,65232,12,3,30,1,1
346,43,48510,Self-Employed,17417,6,6,17,5,0
347,52,197070,Self-Employed,114492,9,2,15,4,0
348,42,119071,Self-Employed,32099,6,6,39,2,1
349,41,31640,Salaried,145674,6,5,35,5,1
350,30,69547,Salaried,120474,12,0,24,3,1
351,24,79620,Salaried,11256,3,2,22,1,0
352,53,171389,Salaried,36681,3,5,11,0,0
353,37,140608,Self-Employed,93328,9,3,33,2,0
354,18,32564,Unemployed,45361,3,6,35,1,1
355,25,183417,Salaried,36540,3,5,36,0,1
356,33,138824,Salaried,86700,6,2,2,2,0
357,31,104273,Self-Employed,80532,3,0,8,1,0
358,29,99859,Salaried,129626,6,0,17,1,1
359,40,135017,Self-Employed,135943,3,7,34,5,1
360,32,148618,Self-Employed,48002,12,6,33,2,0
361,45,150341,Self-Employed,51812,9,5,13,1,0
362,51,54430,Salaried,110946,9,7,3,4,1
363,19,52788,Salaried,68668,6,2,28,2,1
364,49,169991,Self-Employed,101003,12,7,14,1,0
365,40,94346,Self-Employed,44998,3,1,27,5,1
366,39,121122,Salaried,106601,12,3,15,0,0
367,42,64974,Self-Employed,9812,9,7,11,0,0
368,39,132309,Salaried,63844,9,3,4,4,0
369,39,41371,Self-Employed,135251,6,2,33,2,1
370,59,70084,Salaried,76601,3,1,0,5,0
371,23,185701,Unemployed,141347,6,0,38,1,1
372,32,86916,Salaried,49857,9,6,31,1,1
373,54,98972,Salaried,127555,3,4,25,0,0
374,50,37984,Salaried,22700,9,4,16,5,1
375,25,58039,Salaried,95330,3,6,26,4,1
376,22,110431,Self-Employed,146941,3,2,23,0,0
377,56,108691,Unemployed,65353,3,1,34,0,0
378,21,83606,Salaried,102772,3,1,38,4,1
379,23,166688,Salaried,93502,6,3,25,2,0
380,49,127665,Self-Employed,115943,3,0,37,1,1
381,47,130373,Self-Employed,111850,12,5,22,2,1
382,52,49574,Self-Employed,47095,6,7,21,5,1
383,57,159502,Salaried,147342,3,1,3,3,0
384,33,168748,Salaried,17523,9,6,8,3,0
385,30,166888,Self-Employed,64433,12,5,3,3,0
386,59,57733,Salaried,21991,9,4,6,4,0
387,47,27050,Self-Employed,12775,3,5,22,0,0
388,36,134996,Salaried,86995,12,0,1,2,0
389,34,58933,Self-Employed,149745,9,6,23,1,1
390,36,49951,Salaried,124808,3,0,39,3,1
391,45,57413,Self-Employed,139686,3,5,30,2,1
392,43,190873,Salaried,9415,6,7,30,3,0
393,54,188985,Self-Employed,39044,3,2,39,3,0
394,43,137573,Salaried,51976,9,1,33,1,1
395,40,196672,Self-Employed,5832,6,6,23,5,1
396,26,191472,Self-Employed,36148,12,2,25,5,0
397,29,160566,Self-Employed,114230,6,5,15,5,1
398,18,147744,Self-Employed,87076,3,1,12,4,1
399,18,114431,Self-Employed,40402,3,3,14,0,0
400,51,68001,Self-Employed,40578,6,2,26,4,1
401,49,92364,Salaried,92453,9,2,3,2,0
402,42,149988,Self-Employed,77715,9,5,15,4,1
403,57,70028,Salaried,113435,3,4,29,2,1
404,18,193645,Salaried,97742,3,5,29,2,0
405,33,156878,Salaried,47475,3,2,35,0,0
406,56,149343,Salaried,62142,9,1,2,1,0
407,22,153301,Self-Employed,95526,3,7,21,0,0
408,39,151295,Self-Employed,53001,6,4,21,5,1
409,46,185829,Self-Employed,59649,6,5,11,5,0
410,20,59636,Salaried,146228,12,7,20,4,1
411,29,49262,Salaried,27711,6,6,3,2,0
412,43,105435,Salaried,32106,3,5,30,3,0
413,33,153583,Salaried,67458,9,2,30,3,1
414,54,194269,Salaried,149661,6,7,22,2,1
415,39,66844,Salaried,132429,6,2,19,0,1
416,46,89754,Salaried,103754,12,3,14,1,1
417,31,190229,Self-Employed,140286,9,7,22,0,1
418,45,102129,Self-Employed,128479,3,7,27,2,1
419,22,65042,Unemployed,138213,3,5,15,2,1
420,47,86665,Unemployed,30884,6,2,36,1,0
421,22,141953,Self-Employed,4708,9,6,20,4,0
422,29,183448,Salaried,20375,3,0,14,4,0
423,33,170271,Self-Employed,17088,9,4,16,1,0
424,43,143533,Self-Employed,59615,6,0,36,4,0
425,43,98781,Salaried,112138,3,4,12,3,0
426,38,91262,Salaried,12014,9,6,18,4,0
427,56,71600,Self-Employed,136345,12,7,29,4,1
428,53,101898,Salaried,104842,3,7,17,4,1
429,50,174369,Self-Employed,80077,6,5,13,3,1
430,47,55448,Self-Employed,141784,6,3,35,4,1
431,54,51172,Salaried,54874,12,2,35,5,1
432,40,198946,Salaried,71087,12,2,19,3,0
433,27,32657,Salaried,14297,6,2,18,1,0
434,22,181497,Salaried,29128,9,5,6,0,0
435,53,182757,Salaried,70368,6,4,3,1,0
436,51,137855,Self-Employed,80958,6,7,33,0,0
437,48,180650,Salaried,34920,3,6,1,1,0
438,27,184903,Salaried,144228,3,2,4,5,0
439,36,32906,Salaried,144180,3,0,9,0,1
440,49,86413,Unemployed,135872,6,2,31,0,1
441,18,79028,Salaried,135682,3,7,12,2,1
442,22,32287,Salaried,79603,12,5,38,0,1
443,21,58660,Self-Employed,35872,3,6,4,0,0
444,33,85504,Self-Employed,12728,3,3,9,2,0
445,41,127979,Salaried,97102,6,6,9,4,0
446,33,59701,Self-Employed,124049,9,0,37,4,1
447,19,108300,Salaried,22583,3,2,26,2,0
448,45,173746,Salaried,87774,6,2,20,3,1
449,49,108560,Salaried,140335,12,1,7,0,0
450,44,179946,Salaried,128374,3,4,0,0,0
451,37,68642,Self-Employed,93118,6,0,27,2,1
452,41,90160,Salaried,67942,9,1,38,2,0
453,29,42602,Salaried,15689,3,6,13,3,0
454,52,128320,Self-Employed,35276,6,3,20,5,0
455,50,113801,Self-Employed,103968,6,4,29,4,1
456,50,50931,Salaried,15050,6,0,20,1,0
457,54,119377,Self-Employed,68216,3,2,8,5,0
458,29,54192,Salaried,86040,3,6,16,4,1
459,20,71542,Self-Employed,23644,6,0,4,0,0
460,18,152015,Self-Employed,64021,3,2,30,5,0
461,50,67520,Unemployed,44291,9,7,39,2,1
462,57,89772,Salaried,134610,6,4,37,3,1
463,27,75106,Salaried,43520,6,7,18,4,1
464,46,106121,Salaried,27675,12,7,35,3,0
465,30,50559,Salaried,2174,9,2,32,4,0
466,29,130595,Salaried,94268,3,3,12,5,0
467,48,58742,Unemployed,36998,12,6,13,0,0
468,19,94669,Salaried,145184,3,5,32,1,1
469,52,177826,Salaried,107410,3,2,28,3,1
470,40,160044,Self-Employed,77225,9,3,35,3,1
471,34,95831,Salaried,46814,6,5,9,1,0
472,43,137217,Self-Employed,87091,6,6,30,3,1
473,25,66873,Salaried,52719,3,7,5,3,1
474,46,131532,Salaried,131887,6,4,0,4,0
475,43,151267,Salaried,35919,3,4,6,4,0
476,27,165975,Salaried,75155,12,6,26,1,0
477,43,159092,Unemployed,73569,3,6,20,0,0
478,51,66755,Salaried,43328,12,0,27,5,1
479,58,110956,Salaried,26618,6,3,15,5,0
480,24,111988,Salaried,36675,9,7,22,3,0
481,21,70648,Salaried,20919,9,3,19,0,0
482,28,150991,Self-Employed,6173,9,6,37,1,0
483,46,165588,Salaried,111369,6,1,24,1,1
484,53,140005,Self-Employed,28400,3,1,27,4,0
485,42,27396,Unemployed,72305,3,5,4,3,1
486,38,109082,Self-Employed,90791,12,5,20,2,1
487,53,175201,Unemployed,72533,9,1,17,1,0
488,27,153322,Salaried,105591,6,6,5,3,0
489,54,157663,Salaried,143650,3,6,28,0,1
490,26,36303,Salaried,133060,6,5,18,4,1
491,41,186633,Self-Employed,41194,6,2,32,5,1
492,52,96719,Unemployed,111903,6,6,0,0,0
493,52,124616,Salaried,133461,9,1,2,1,0
494,53,149165,Self-Employed,101303,12,3,20,1,0
495,35,111231,Salaried,115903,3,6,34,0,1
496,56,32314,Self-Employed,69391,6,7,39,1,1
497,49,44623,Salaried,146866,6,6,2,3,1
498,41,130228,Unemployed,60002,6,2,24,1,1
499,40,189202,Self-Employed,37531,3,5,37,4,1
500,49,122624,Salaried,6986,3,6,19,3,0
501,54,182364,Salaried,34298,12,4,33,2,0
502,29,136785,Salaried,3481,6,0,20,1,0
503,30,111206,Salaried,58408,6,1,22,1,1
504,40,94274,Salaried,123950,12,7,5,4,0
505,42,158541,Self-Employed,149907,9,7,12,4,1
506,52,78947,Self-Employed,127355,3,7,22,5,1
507,58,178606,Salaried,29798,6,4,8,0,0
508,47,73874,Salaried,93649,6,7,16,0,1
509,34,74708,Self-Employed,66887,9,7,1,0,0
510,37,99553,Self-Employed,21477,9,5,18,4,0
511,42,93344,Salaried,129815,9,3,18,0,0
512,39,74138,Self-Employed,129426,6,0,6,0,0
513,30,72638,Salaried,144961,9,4,19,2,1
514,36,103249,Salaried,26335,3,0,8,0,0
515,53,130865,Salaried,144326,3,1,16,1,1
516,29,27719,Salaried,88610,6,5,26,5,1
517,58,178962,Salaried,13442,3,6,1,4,0
518,36,192581,Unemployed,48289,3,3,35,3,0
519,29,67534,Self-Employed,55747,9,5,18,5,1
520,26,117241,Self-Employed,39327,12,0,16,2,0
521,24,174859,Salaried,149271,6,4,4,4,0
522,45,151209,Salaried,74827,3,1,38,4,0
523,31,117124,Self-Employed,108464,3,1,17,1,0
524,48,116659,Salaried,133184,3,5,6,5,1
525,36,189134,Salaried,89051,3,6,16,5,1
526,33,100713,Salaried,61722,12,4,38,0,0
527,22,100418,Self-Employed,94036,3,6,35,1,1
528,52,153232,Salaried,149595,6,6,39,0,1
529,29,190904,Salaried,68960,3,7,3,0,0
530,42,188038,Self-Employed,21552,12,4,37,4,1
531,38,169059,Salaried,143880,9,0,24,5,0
532,53,193383,Salaried,2887,12,5,4,0,0
533,40,56575,Salaried,33802,9,5,29,2,1
534,33,88852,Salaried,87024,6,7,11,2,0
535,56,157079,Self-Employed,120639,3,2,3,5,0
536,59,101242,Salaried,120248,9,5,23,2,1
537,56,54257,Salaried,83938,6,1,28,4,1
538,31,198279,Self-Employed,124746,6,0,8,1,0
539,48,169353,Self-Employed,28049,3,4,3,3,0
540,22,86246,Self-Employed,79789,3,5,23,0,1
541,52,26435,Salaried,86526,6,0,13,3,1
542,40,116357,Salaried,140918,6,7,4,1,0
543,46,182732,Unemployed,48220,9,5,17,1,0
544,28,161156,Self-Employed,48163,3,4,18,4,0
545,35,169579,Salaried,136837,6,3,11,2,0
546,29,108807,Salaried,119126,3,4,17,2,1
547,26,140953,Salaried,83486,3,4,16,1,0
548,27,163563,Unemployed,77277,6,4,29,4,0
549,34,148797,Salaried,106245,3,5,23,4,1
550,55,88888,Salaried,124332,3,2,10,5,1
551,24,98609,Salaried,24931,6,4,34,0,1
552,30,34077,Self-Employed,91116,3,7,22,2,1
553,57,45953,Self-Employed,57633,3,1,16,1,1
554,59,139682,Salaried,53913,3,1,0,5,0
555,26,92889,Self-Employed,96776,3,7,14,3,1
556,44,179893,Unemployed,27991,3,0,31,2,0
557,19,193639,Salaried,106092,6,2,8,0,0
558,22,140374,Salaried,143633,3,0,14,4,1
559,46,49860,Salaried,149973,3,7,27,1,1
560,54,177267,Self-Employed,97556,6,1,23,2,0
561,55,102475,Self-Employed,64875,9,6,34,3,1
562,36,112266,Self-Employed,64120,12,1,21,0,1
563,25,177499,Self-Employed,135060,9,3,26,0,1
564,18,125732,Salaried,112041,9,4,18,5,0
565,39,52083,Unemployed,130467,6,6,11,2,1
566,34,82372,Salaried,147328,9,1,19,3,1
567,24,148786,Salaried,120490,6,5,0,0,0
568,42,32813,Self-Employed,128155,3,5,20,1,1
569,21,56598,Self-Employed,30230,3,0,0,0,0
570,53,118106,Salaried,61778,3,6,9,3,0
571,23,52082,Self-Employed,47833,12,0,31,4,1
572,48,54241,Unemployed,24625,6,4,38,4,1
573,36,36745,Salaried,34088,9,4,21,5,0
574,56,51029,Unemployed,105937,6,3,17,2,1
575,44,169097,Salaried,78361,6,7,31,3,1
576,27,148395,Salaried,90229,3,7,26,5,1
577,43,170360,Salaried,137189,3,2,27,0,1
578,36,114186,Self-Employed,92265,9,0,17,0,0
579,56,162612,Self-Employed,99718,6,4,38,4,1
580,20,122768,Salaried,62710,6,7,28,5,0
581,30,66846,Salaried,96876,9,0,17,4,1
582,45,100932,Self-Employed,32949,3,4,7,1,0
583,37,173554,Salaried,70136,12,1,30,4,1
584,45,48411,Self-Employed,113541,6,0,33,1,1
585,25,103797,Self-Employed,63842,6,1,6,0,0
586,58,77307,Salaried,28990,6,0,35,5,0
587,56,159165,Unemployed,149265,3,2,17,1,1
588,18,47042,Salaried,32109,3,3,37,5,1
589,20,77930,Unemployed,132356,6,5,8,5,1
590,30,122883,Self-Employed,130133,12,7,8,1,0
591,45,58756,Self-Employed,3306,9,5,7,2,0
592,42,78268,Salaried,5849,3,5,34,4,0
593,50,195286,Self-Employed,14360,6,1,17,1,0
594,55,184674,Salaried,113072,3,6,4,0,0
595,23,73901,Salaried,96767,3,4,13,5,1
596,49,124986,Salaried,56330,9,5,27,3,1
597,38,188268,Self-Employed,53707,6,2,29,1,1
598,33,153386,Salaried,20689,3,5,3,4,0
599,38,30626,Self-Employed,31084,3,0,38,5,1
600,28,163496,Self-Employed,42387,12,1,19,2,0
601,54,37857,Salaried,76816,3,6,24,0,1
602,53,176054,Self-Employed,4642,6,0,27,2,0
603,52,158052,Salaried,44137,6,6,11,3,0
604,36,51431,Self-Employed,64260,3,0,1,1,0
605,37,109976,Self-Employed,148510,3,0,13,5,1
606,35,107711,Salaried,50442,6,7,21,1,0
607,58,51385,Self-Employed,105061,9,3,30,4,1
608,31,194230,Salaried,136066,6,3,22,1,0
609,32,179091,Salaried,127844,6,4,19,0,0
610,48,43639,Self-Employed,101575,12,1,37,3,1
611,18,110530,Salaried,3813,9,2,3,2,0
612,20,46563,Salaried,95027,6,2,14,3,1
613,33,195413,Salaried,125489,6,2,23,5,0
614,40,140672,Self-Employed,86381,6,7,24,1,1
615,28,161848,Salaried,57276,9,0,0,5,0
616,29,192516,Salaried,43243,6,3,6,2,0
617,27,164783,Self-Employed,62272,6,1,30,5,0
618,49,107970,Self-Employed,67618,3,0,11,4,1
619,33,110553,Salaried,3920,6,6,4,3,0
620,25,186779,Salaried,108121,3,3,37,2,1
621,55,195182,Salaried,78872,3,3,11,2,0
622,29,107879,Salaried,83132,3,5,38,2,1
623,41,194899,Salaried,4093,6,5,17,0,0
624,45,161727,Self-Employed,14905,6,7,1,3,0
625,25,69859,Self-Employed,123759,3,1,9,5,1
626,45,77098,Self-Employed,32981,6,6,14,2,1
627,53,171323,Salaried,75903,6,1,29,3,0
628,43,147413,Self-Employed,72821,3,1,16,2,0
629,25,25526,Salaried,111200,9,7,3,4,1
630,45,93760,Unemployed,84289,9,7,6,4,1
631,45,72837,Self-Employed,118506,9,0,30,4,1
632,54,36536,Salaried,80513,6,4,38,1,1
633,58,53541,Self-Employed,140746,6,7,33,2,1
634,53,104083,Salaried,52516,3,1,5,1,0
635,44,59531,Self-Employed,71212,3,5,37,3,1
636,34,33712,Salaried,135498,3,4,33,1,1
637,26,129101,Salaried,132970,12,0,14,3,0
638,50,90455,Self-Employed,92009,3,4,13,3,1
639,37,99744,Salaried,46816,3,2,5,3,0
640,30,154749,Self-Employed,6138,12,6,36,5,1
641,45,30109,Salaried,93176,12,4,31,1,1
642,46,74268,Self-Employed,77945,9,1,2,5,0
643,30,79615,Self-Employed,6017,3,0,2,2,0
644,52,107503,Salaried,12451,3,6,21,1,0
645,23,185831,Salaried,95863,6,1,21,2,0
646,35,110708,Salaried,12278,3,6,9,2,0
647,22,127471,Salaried,45764,3,5,2,3,0
648,42,182661,Salaried,125030,6,2,11,1,1
649,19,186087,Self-Employed,134206,12,5,28,2,0
650,27,185081,Unemployed,64943,6,1,16,4,0
651,47,108309,Self-Employed,97667,9,1,6,2,0
652,22,151446,Self-Employed,56318,9,1,12,4,0
653,50,131661,Self-Employed,105423,3,3,1,1,0
654,18,182215,Self-Employed,105998,9,2,3,5,0
655,35,31154,Salaried,62128,3,6,9,1,1
656,49,177876,Unemployed,23869,3,7,38,5,1
657,28,197760,Self-Employed,7039,9,1,23,5,0
658,38,89288,Self-Employed,114935,3,1,16,1,1
659,43,76195,Salaried,12442,12,6,5,2,0
660,42,45581,Salaried,75788,3,7,18,0,1
661,39,55087,Salaried,121729,6,5,4,2,1
662,44,189053,Self-Employed,29586,6,5,31,2,0
663,30,94298,Salaried,55053,3,1,9,3,1
664,50,71167,Salaried,88346,3,0,8,3,0
665,51,199480,Unemployed,69087,6,3,26,2,0
666,58,64499,Salaried,145697,9,5,12,4,1
667,52,150816,Salaried,36397,9,0,18,5,1
668,18,194631,Salaried,60671,6,3,20,3,0
669,38,121347,Self-Employed,118214,9,1,23,2,0
670,23,73787,Unemployed,68897,9,2,37,0,1
671,45,60488,Salaried,138355,9,4,3,4,1
672,34,99441,Self-Employed,140682,6,4,23,1,1
673,22,47431,Salaried,16924,6,1,34,2,0
674,48,86681,Unemployed,115143,9,5,2,2,0
675,22,147720,Self-Employed,112253,6,0,3,5,0
676,55,74153,Self-Employed,102297,9,2,36,4,1
677,20,31368,Salaried,2869,6,6,39,3,1
678,40,183496,Unemployed,99088,3,3,34,3,1
679,54,137360,Self-Employed,3014,3,1,30,3,1
680,54,137755,Salaried,12103,6,2,24,1,0
681,27,81985,Self-Employed,112317,6,7,39,4,1
682,27,75069,Salaried,84409,9,2,12,4,1
683,36,77326,Self-Employed,25248,3,5,3,3,0
684,34,133737,Salaried,10024,9,7,13,3,0
685,38,179470,Self-Employed,87947,12,3,12,5,0
686,31,75861,Salaried,93829,3,7,26,0,1
687,26,100897,Salaried,94708,12,2,5,0,0
688,18,152118,Salaried,88664,12,5,16,2,0
689,30,93577,Salaried,145927,9,7,35,2,1
690,21,34078,Salaried,87178,9,0,39,4,1
691,18,181075,Salaried,103121,12,5,34,4,0
692,57,87768,Self-Employed,22025,6,0,16,1,0
693,49,76047,Salaried,137530,6,0,1,1,0
694,51,96626,Salaried,65610,9,7,12,0,1
695,45,82660,Self-Employed,72843,6,7,1,2,0
696,48,157997,Salaried,109237,6,6,27,0,0
697,25,142832,Unemployed,132299,3,6,25,0,1
698,56,155406,Self-Employed,7668,9,2,21,2,0
699,43,150150,Self-Employed,75233,3,5,2,1,0
700,51,182087,Self-Employed,83982,12,6,34,5,1
701,20,58320,Self-Employed,108133,6,0,11,5,1
702,29,89881,Salaried,12751,3,6,23,5,1
703,18,115827,Salaried,48218,6,3,4,2,0
704,22,127215,Salaried,128649,3,2,19,3,1
705,47,182361,Self-Employed,9352,9,5,38,3,0
706,47,159461,Salaried,90835,12,5,38,3,1
707,34,181755,Self-Employed,99493,9,4,12,4,1
708,40,169701,Unemployed,30927,3,5,11,1,0
709,32,86550,Self-Employed,103948,3,2,12,1,1
710,54,49826,Salaried,31493,9,3,9,4,0
711,38,125734,Salaried,33707,12,5,32,0,0
712,31,182702,Self-Employed,140368,6,4,39,5,1
713,19,123511,Self-Employed,37842,6,2,15,3,0
714,28,36653,Salaried,15261,6,0,34,5,1
715,56,184033,Salaried,78709,12,1,2,3,0
716,55,106941,Unemployed,97985,6,1,4,5,0
717,51,58662,Self-Employed,108616,3,0,25,0,1
718,55,123818,Self-Employed,69173,3,6,10,5,0
719,51,177360,Self-Employed,33781,12,5,6,5,0
720,35,120081,Self-Employed,15652,3,7,9,2,0
721,47,61877,Salaried,7103,6,1,33,5,0
722,32,136562,Salaried,27500,6,6,2,2,0
723,44,171385,Salaried,102336,3,1,7,1,0
724,51,97715,Salaried,115499,3,0,30,4,1
725,55,166398,Self-Employed,51393,9,5,10,5,0
726,50,135091,Self-Employed,49406,12,5,6,1,0
727,41,157632,Self-Employed,65059,9,6,1,2,0
728,32,104148,Salaried,149026,12,0,5,5,1
729,47,108186,Self-Employed,84722,6,6,31,5,1
730,59,182817,Self-Employed,14356,9,5,19,0,0
731,34,187962,Self-Employed,130128,6,7,33,1,1
732,22,176094,Self-Employed,4187,9,5,15,3,0
733,46,148629,Salaried,79243,12,2,24,3,0
734,21,95316,Salaried,37098,3,7,11,0,0
735,27,53380,Salaried,136678,6,6,6,2,1
736,34,135198,Salaried,59620,6,2,38,3,1
737,27,27356,Salaried,128270,3,0,16,3,1
738,34,95326,Self-Employed,16387,3,3,10,4,0
739,37,117447,Unemployed,71463,9,1,5,1,0
740,41,139994,Self-Employed,135663,12,2,22,2,1
741,22,45049,Self-Employed,93683,6,1,26,5,1
742,51,130361,Salaried,64061,3,4,5,1,0
743,23,41082,Self-Employed,83257,3,0,37,2,1
744,19,25661,Salaried,63753,12,3,1,3,1
745,30,193484,Salaried,86774,6,4,21,4,1
746,28,27920,Salaried,144159,6,4,19,1,1
747,40,104561,Salaried,25408,6,5,24,3,1
748,33,33946,Salaried,126116,6,4,14,2,1
749,48,41309,Salaried,133208,6,0,28,1,1
750,28,80230,Salaried,19413,12,2,7,5,0
751,33,136822,Unemployed,115650,6,0,36,1,1
752,25,186099,Salaried,61500,9,2,32,3,0
753,21,137340,Salaried,86514,6,4,21,1,1
754,57,84321,Salaried,58358,9,4,4,5,0
755,21,157028,Self-Employed,68197,9,7,38,4,1
756,42,99131,Salaried,78240,3,3,17,4,0
757,20,50963,Salaried,18322,6,2,37,3,0
758,49,126757,Salaried,115053,3,4,36,2,1
759,20,195515,Salaried,8968,9,5,29,3,0
760,44,124259,Salaried,29518,6,7,30,4,1
761,46,64063,Salaried,53925,12,1,9,0,0
762,49,139225,Salaried,113900,3,7,14,0,1
763,36,141400,Salaried,95422,9,3,17,1,0
764,38,105818,Salaried,3700,9,0,22,5,0
765,22,29703,Self-Employed,95782,9,3,32,1,1
766,35,97099,Self-Employed,25199,6,1,15,0,0
767,45,181921,Salaried,7520,6,7,37,4,1
768,59,187932,Salaried,111814,9,2,34,1,1
769,39,56585,Unemployed,125364,3,0,33,3,1
770,38,178087,Salaried,16955,3,0,27,5,0
771,23,68585,Salaried,146989,6,2,1,3,1
772,18,51958,Self-Employed,66925,6,6,29,5,1
773,22,51017,Salaried,109216,3,6,12,4,1
774,58,149677,Salaried,72269,3,3,15,1,0
775,29,168273,Salaried,43458,3,4,4,5,0
776,43,54426,Self-Employed,91037,9,6,27,3,1
777,51,42778,Salaried,101977,9,3,38,1,1
778,31,67229,Self-Employed,45939,9,6,19,1,0
779,43,111652,Unemployed,31345,12,1,23,3,1
780,44,153267,Salaried,112107,6,5,26,0,0
781,26,151503,Salaried,123866,3,4,29,5,1
782,43,109878,Salaried,71166,3,3,26,3,1
783,39,82056,Salaried,99406,3,5,25,4,1
784,47,183562,Salaried,51298,12,5,6,2,0
785,34,44975,Unemployed,46942,6,7,37,3,1
786,43,182795,Self-Employed,5453,3,6,4,1,0
787,53,179351,Self-Employed,104811,6,7,22,1,1
788,18,167633,Salaried,56935,6,2,27,3,0
789,25,113397,Self-Employed,124439,9,1,33,2,1
790,52,58142,Unemployed,10328,3,1,14,3,0
791,32,51916,Self-Employed,17534,12,1,31,2,0
792,39,89324,Salaried,87280,6,4,25,2,1
793,31,150932,Self-Employed,38320,3,0,30,4,1
794,43,160720,Salaried,51170,12,4,18,5,0
795,45,191205,Salaried,102546,3,3,8,1,0
796,40,121059,Salaried,82201,12,5,28,1,1
797,31,123317,Self-Employed,10640,12,5,38,2,0
798,41,60046,Self-Employed,138690,9,7,3,1,1
799,19,126459,Salaried,134992,9,0,2,0,0
800,43,70893,Salaried,45937,6,3,28,2,1
801,31,126520,Salaried,145279,12,0,10,1,1
802,24,150818,Salaried,143871,6,5,32,0,1
803,20,86272,Salaried,72463,9,6,37,4,1
804,40,92649,Salaried,95500,12,4,10,1,0
805,35,89674,Self-Employed,39158,12,1,26,0,0
806,55,169832,Salaried,86607,9,5,32,3,1
807,52,177999,Salaried,121639,6,2,20,5,1
808,32,111475,Salaried,73696,12,1,38,3,0
809,42,86367,Unemployed,63510,6,5,30,0,1
810,54,168660,Self-Employed,122076,12,4,37,2,1
811,45,146750,Self-Employed,60692,9,0,1,2,0
812,27,143154,Salaried,132841,6,6,26,1,0
813,56,69738,Self-Employed,17810,6,6,35,3,0
814,34,58397,Salaried,138198,6,1,10,2,1
815,56,107189,Self-Employed,113718,9,4,17,2,1
816,39,101367,Unemployed,92932,6,6,0,3,0
817,43,145585,Self-Employed,2192,6,6,34,4,1
818,42,101619,Self-Employed,38413,6,3,34,2,0
819,34,136453,Self-Employed,145888,9,2,30,5,1
820,30,44816,Salaried,41082,6,1,27,0,0
821,37,198312,Unemployed,67048,3,0,38,1,1
822,42,162348,Salaried,125130,3,6,0,2,0
823,21,104530,Salaried,52940,3,3,24,5,1
824,27,179571,Salaried,42142,6,4,37,5,1
825,20,133856,Salaried,38468,3,6,19,2,0
826,58,96635,Salaried,143727,3,7,2,4,1
827,35,132803,Salaried,142431,12,2,1,0,0
828,53,60946,Salaried,131048,12,0,17,1,1
829,39,80204,Self-Employed,44056,6,4,9,2,0
830,51,40563,Salaried,53831,12,4,4,1,0
831,25,117324,Salaried,61191,3,1,8,3,0
832,57,34847,Self-Employed,123948,6,6,1,5,1
833,36,51155,Salaried,110117,6,1,33,5,1
834,59,104671,Self-Employed,16671,6,0,37,2,1
835,58,141891,Self-Employed,29048,6,7,30,2,1
836,54,108310,Self-Employed,27963,6,6,9,3,0
837,23,174381,Self-Employed,45954,6,5,11,4,1
838,43,156691,Salaried,97430,9,6,35,2,1
839,51,59707,Self-Employed,2717,3,7,20,5,0
840,23,176409,Salaried,13676,3,5,5,1,0
841,54,106537,Salaried,137506,3,4,2,0,0
842,50,116155,Self-Employed,120696,3,1,9,1,0
843,39,25281,Salaried,132830,6,2,4,4,1
844,38,183492,Self-Employed,6994,3,6,25,0,0
845,23,195102,Self-Employed,6234,12,2,20,1,0
846,23,157130,Self-Employed,71300,3,6,25,1,0
847,21,101260,Unemployed,45949,3,4,37,3,1
848,47,184476,Salaried,39405,9,1,25,4,0
849,28,185928,Salaried,36872,3,0,7,5,0
850,47,165272,Self-Employed,44215,6,0,4,3,0
851,48,89178,Salaried,25185,9,0,14,0,0
852,41,58997,Self-Employed,43153,3,6,15,5,0
853,26,181683,Self-Employed,79535,3,6,0,3,0
854,20,144273,Self-Employed,135653,6,2,15,4,1
855,48,197307,Salaried,53717,3,1,36,2,0
856,57,191129,Salaried,4763,3,7,2,2,0
857,54,157311,Salaried,94910,3,6,30,0,0
858,53,151945,Salaried,57480,3,1,12,2,0
859,41,70272,Self-Employed,120094,6,2,15,3,1
860,48,114393,Salaried,13064,9,6,20,0,0
861,23,86212,Salaried,78848,6,0,1,5,0
862,19,171470,Salaried,39548,3,0,26,4,0
863,37,145030,Self-Employed,8476,3,4,37,0,0
864,45,81503,Self-Employed,92101,12,5,25,5,1
865,28,162710,Salaried,4382,6,3,37,0,0
866,21,31570,Salaried,81698,12,7,24,1,1
867,32,93785,Salaried,47095,6,5,10,1,0
868,23,34110,Salaried,131974,6,6,7,0,1
869,47,104141,Self-Employed,29197,6,1,7,2,0
870,55,37115,Self-Employed,129619,6,6,32,1,1
871,19,64062,Salaried,24010,6,1,6,4,0
872,32,47911,Salaried,89923,6,1,37,5,1
873,28,129061,Unemployed,135962,3,5,20,3,1
874,25,57556,Salaried,132526,6,3,7,1,1
875,43,153335,Self-Employed,111162,9,4,20,0,0
876,22,26969,Salaried,122927,12,5,19,2,1
877,23,68753,Salaried,10026,6,3,7,3,0
878,43,160542,Salaried,66925,6,0,30,5,0
879,21,146863,Salaried,70842,3,0,28,5,1
880,36,35225,Unemployed,35665,9,1,8,1,0
881,37,148008,Salaried,11277,6,2,14,5,0
882,50,179268,Salaried,50008,12,6,29,5,1
883,37,130823,Salaried,16683,6,6,25,2,0
884,29,38669,Salaried,133742,6,1,9,2,1
885,18,193452,Salaried,80542,6,2,28,2,1
886,43,149398,Salaried,56319,9,7,15,0,0
887,31,135677,Self-Employed,94067,6,3,35,5,1
888,55,73320,Salaried,149705,6,7,19,5,1
889,54,171649,Salaried,70975,12,7,36,5,1
890,28,150354,Unemployed,103158,3,0,21,4,1
891,53,113009,Salaried,13577,12,7,6,2,0
892,30,53625,Unemployed,79299,3,6,22,3,1
893,20,49089,Salaried,22176,9,5,39,1,1
894,50,61487,Self-Employed,65972,6,2,28,3,1
895,23,135448,Self-Employed,122018,6,3,15,0,0
896,27,75138,Self-Employed,21996,12,0,37,0,0
897,22,198895,Unemployed,102922,3,7,27,5,0
898,40,193280,Salaried,88598,3,5,37,3,1
899,27,79061,Unemployed,37931,6,2,30,5,1
900,19,186731,Salaried,126168,6,1,13,4,1
901,30,126376,Salaried,125099,6,1,32,0,0
902,57,187962,Salaried,36693,3,1,8,0,0
903,19,104134,Salaried,110944,3,6,26,3,1
904,37,72055,Salaried,19374,3,3,23,0,0
905,18,44508,Self-Employed,83471,3,1,12,4,1
906,54,198359,Salaried,47913,6,6,25,4,0
907,26,183056,Self-Employed,125683,9,4,28,4,1
908,34,135169,Self-Employed,46516,12,6,27,1,0
909,26,33125,Salaried,89796,9,0,27,4,1
910,28,61059,Salaried,28069,3,6,7,4,0
911,32,128409,Salaried,120333,6,3,22,1,1
912,41,173159,Salaried,86811,3,5,28,5,1
913,55,30704,Salaried,120028,3,7,4,2,1
914,52,136279,Salaried,41178,6,6,6,0,0
915,47,183280,Salaried,34821,3,1,35,4,0
916,48,143516,Unemployed,18999,3,0,26,0,0
917,22,195954,Self-Employed,40712,12,2,1,3,0
918,31,181995,Salaried,35722,6,1,24,0,0
919,28,139044,Self-Employed,12625,6,0,8,5,0
920,26,54165,Salaried,8859,3,4,26,1,0
921,51,92203,Salaried,112986,3,7,0,0,1
922,29,29114,Self-Employed,23839,12,2,22,0,0
923,52,61321,Salaried,29216,3,4,9,0,0
924,52,98297,Salaried,54953,6,5,24,2,1
925,18,121652,Unemployed,51522,3,0,2,2,0
926,57,124304,Self-Employed,137958,6,4,5,3,1
927,39,181498,Self-Employed,113249,3,7,5,1,0
928,46,42772,Self-Employed,9485,9,7,1,0,0
929,25,128754,Self-Employed,149839,9,5,17,0,1
930,28,28712,Salaried,114701,9,7,22,0,1
931,58,157439,Salaried,104638,3,0,1,0,0
932,54,140142,Salaried,14226,9,0,11,2,0
933,31,116736,Salaried,95405,6,7,21,5,1
934,47,76924,Salaried,24588,6,4,36,5,0
935,52,28726,Salaried,39019,6,0,19,3,1
936,38,114152,Unemployed,67133,3,1,38,4,1
937,54,52723,Unemployed,116444,3,7,23,1,1
938,22,151969,Self-Employed,119603,9,0,19,5,0
939,36,125494,Salaried,130585,3,3,0,0,0
940,31,165180,Self-Employed,45395,6,5,0,5,0
941,43,60643,Salaried,127814,6,7,16,3,1
942,21,187396,Self-Employed,114599,12,0,0,4,0
943,42,128896,Salaried,27939,12,3,29,5,0
944,59,164999,Self-Employed,2203,12,0,2,3,0
945,42,118680,Salaried,149616,3,0,10,2,0
946,35,121546,Self-Employed,148971,3,4,23,4,1
947,57,178515,Unemployed,31063,6,1,21,3,0
948,25,104973,Salaried,92880,3,7,25,5,1
949,56,88449,Salaried,5748,3,5,12,2,0
950,57,134834,Unemployed,119269,6,7,0,3,1
951,31,50537,Salaried,82764,6,1,23,3,1
952,49,102576,Self-Employed,110036,12,2,9,5,1
953,55,132522,Self-Employed,118525,3,4,34,4,1
954,50,47612,Salaried,87679,3,4,23,2,1
955,40,31471,Salaried,127829,3,1,27,0,1
956,32,191703,Salaried,130216,12,6,35,1,1
957,50,56348,Self-Employed,135175,9,4,15,4,1
958,42,26177,Salaried,67901,9,7,39,2,1
959,34,160832,Salaried,149175,12,1,15,3,1
960,50,57779,Salaried,100046,6,4,16,2,1
961,19,46636,Self-Employed,92012,6,0,14,1,1
962,31,106889,Self-Employed,80278,6,1,15,5,1
963,57,78551,Unemployed,14391,6,1,14,1,0
964,57,167628,Salaried,104476,6,7,33,0,1
965,56,183670,Self-Employed,122721,6,3,10,0,0
966,23,167635,Self-Employed,99537,12,4,0,1,0
967,23,71819,Self-Employed,83159,12,4,14,4,1
968,20,98770,Unemployed,133040,9,1,25,4,1
969,24,183038,Salaried,37503,9,0,3,3,0
970,25,183059,Salaried,77403,9,0,4,0,0
971,59,103714,Self-Employed,66286,3,5,34,3,1
972,32,49596,Salaried,76842,3,0,12,0,0
973,46,189246,Self-Employed,106927,9,4,9,1,0
974,50,89106,Self-Employed,16908,9,6,10,4,0
975,47,84182,Salaried,39228,3,3,17,4,1
976,56,112163,Self-Employed,25386,12,1,33,1,0
977,44,64310,Salaried,30302,3,2,38,3,0
978,53,81088,Salaried,62815,3,3,22,3,1
979,46,153803,Self-Employed,65344,9,7,6,2,0
980,55,164978,Unemployed,113603,3,7,38,0,1
981,50,61914,Salaried,63114,3,6,2,3,1
982,54,135350,Salaried,27525,6,2,11,1,0
983,44,70379,Self-Employed,81818,9,3,6,3,0
984,50,193722,Self-Employed,116589,6,0,25,4,1
985,21,71413,Self-Employed,147406,9,4,32,0,1
986,39,162084,Salaried,96715,6,6,36,5,1
987,19,32151,Salaried,8644,3,2,14,2,0
988,27,82716,Salaried,103154,12,6,1,0,0
989,22,118747,Self-Employed,45469,3,3,6,4,0
990,27,192450,Salaried,108609,12,4,31,4,1
991,50,198724,Salaried,67206,6,6,3,4,0
992,55,169539,Unemployed,98462,12,2,19,4,1
993,30,187082,Salaried,85178,3,1,35,1,1
994,48,146999,Unemployed,88724,6,3,31,2,1
995,53,139793,Self-Employed,98393,3,1,27,5,1
996,41,133177,Self-Employed,129314,3,0,12,4,1
997,32,37289,Salaried,78312,6,1,0,4,1
998,46,199668,Salaried,77324,3,1,34,3,0
999,25,179243,Self-Employed,73196,6,5,29,2,0
1000,22,111365,Self-Employed,72014,3,3,35,0,0
